{"Спорт":{"n":{"футбол":3,"у":1,"в":1,"на":1},"TF":{"футбол":50.0,"у":16.666666666666668,"в":16.666666666666668,"на":16.666666666666668},"IDF":{"футбол":0.47712125471966244,"у":0.17609125905568124,"в":0.17609125905568124,"на":0.17609125905568124},"TFIDF":{"футбол":23.856062735983123,"у":2.9348543175946875,"в":2.9348543175946875,"на":2.9348543175946875},"flagTf":true,"flagIdf":true,"allWords":["футбол","футбол","у","в","на","футбол"]},"Наука":{"n":{"у":1,"в":1,"на":1,"вчені":4},"TF":{"вчені":57.142857142857146,"у":14.285714285714287,"в":14.285714285714287,"на":14.285714285714287},"IDF":{"у":0.17609125905568124,"в":0.17609125905568124,"на":0.17609125905568124,"вчені":0.47712125471966244},"TFIDF":{"у":2.5155894150811609,"в":2.5155894150811609,"на":2.5155894150811609,"вчені":27.264071698266427},"flagTf":true,"flagIdf":true,"allWords":["у","в","на","вчені","вчені","вчені","вчені"]},"Ігри":{"n":{"у":1,"в":1,"на":1,"геймер":2,"ігри":1,"гра":2},"TF":{"геймер":25.0,"гра":25.0,"у":12.5,"в":12.5,"на":12.5,"ігри":12.5},"IDF":{"у":0.17609125905568124,"в":0.17609125905568124,"на":0.17609125905568124,"геймер":0.47712125471966244,"ігри":0.47712125471966244,"гра":0.47712125471966244},"TFIDF":{"у":2.2011407381960155,"в":2.2011407381960155,"на":2.2011407381960155,"геймер":11.928031367991562,"ігри":5.9640156839957807,"гра":11.928031367991562},"flagTf":true,"flagIdf":true,"allWords":["у","в","на","геймер","ігри","гра","гра","геймер"]}}