{"Категорія один":{"n":{"а":1,"б":2,"в":2},"TF":{"б":40.0,"в":40.0,"а":20.0},"IDF":{"а":0.69897000433601886,"б":0.69897000433601886,"в":0.09691001300805642},"TFIDF":{"а":13.979400086720377,"б":27.958800173440753,"в":3.8764005203222567},"flagTf":true,"flagIdf":true,"allWords":["а","б","б","в","в"]},"Категорія два":{"n":{"в":1,"г":3},"TF":{"г":75.0,"в":25.0},"IDF":{"в":0.09691001300805642,"г":0.3979400086720376},"TFIDF":{"в":2.4227503252014104,"г":29.845500650402819},"flagTf":true,"flagIdf":true,"allWords":["в","г","г","г"]},"Категорія три":{"n":{"г":1,"д":4,"е":5},"TF":{"е":50.0,"д":40.0,"г":10.0},"IDF":{"г":0.3979400086720376,"д":0.69897000433601886,"е":0.69897000433601886},"TFIDF":{"г":3.9794000867203758,"д":27.958800173440753,"е":34.948500216800944},"flagTf":true,"flagIdf":true,"allWords":["г","д","д","д","д","е","е","е","е","е"]},"":{"n":{"в":1},"TF":{"в":100.0},"IDF":{"в":0.09691001300805642},"TFIDF":{"в":9.6910013008056417},"flagTf":true,"flagIdf":true,"allWords":["в"]},"_":{"n":{"в":1},"TF":{"в":100.0},"IDF":{"в":0.09691001300805642},"TFIDF":{"в":9.6910013008056417},"flagTf":true,"flagIdf":true,"allWords":["в"]},"Ще одна категорія":{"n":{"лол":1,"текст":1},"TF":{"лол":50.0,"текст":50.0},"IDF":{},"TFIDF":{},"flagTf":true,"flagIdf":false,"allWords":["лол","текст"]}}